{
	"parent": "item/handheld_rod",
	"textures": { "layer0": "item/warped_fungus_on_a_stick" },
	"overrides": [
		{
			"predicate": { "custom_model_data": 1 },
			"model": "focal:item/backpack/base"
		},
		{
			"predicate": { "custom_model_data": 2 },
			"model": "focal:item/backpack/1"
		},
		{
			"predicate": { "custom_model_data": 3 },
			"model": "focal:item/backpack/2"
		},
		{
			"predicate": { "custom_model_data": 4 },
			"model": "focal:item/backpack/3"
		},
		{
			"predicate": { "custom_model_data": 5 },
			"model": "focal:item/backpack/4"
		},
		{
			"predicate": { "custom_model_data": 6 },
			"model": "focal:item/backpack/5"
		},
		{
			"predicate": { "custom_model_data": 7 },
			"model": "focal:item/backpack/6"
		},
		{
			"predicate": { "custom_model_data": 8 },
			"model": "focal:item/backpack/7"
		},
		{
			"predicate": { "custom_model_data": 9 },
			"model": "focal:item/backpack/8"
		},
		{
			"predicate": { "custom_model_data": 10 },
			"model": "focal:item/backpack/9"
		},
		{
			"predicate": { "custom_model_data": 11 },
			"model": "focal:item/backpack/10"
		},
		{
			"predicate": { "custom_model_data": 12 },
			"model": "focal:item/backpack/11"
		},
		{
			"predicate": { "custom_model_data": 13 },
			"model": "focal:item/backpack/12"
		},
		{
			"predicate": { "custom_model_data": 14 },
			"model": "focal:item/backpack/13"
		},
		{
			"predicate": { "custom_model_data": 15 },
			"model": "focal:item/backpack/14"
		},
		{
			"predicate": { "custom_model_data": 16 },
			"model": "focal:item/backpack/15"
		},
		{
			"predicate": { "custom_model_data": 17 },
			"model": "focal:item/backpack/16"
		}
	]
}
